Title,First name,Date of birth,Building number or name,Street,Town/city,County,Postcode
Mrs,Tamara,06/07/1957,71088,Nova Loaf,Keelingborough,Hawaii,YY9A 2LA
Mr,Diana,24/09/1986,66262,Feeney Station,West Jewelstad,Montana,R8P 0JB
Ms,Mariana,10/08/1992,819,Mitchell Glen,East Oliverton,South Carolina,UH2 4NA
Mr,Eden,09/01/1965,272,Hoeger Lodge,West Roxane,New Mexico,PD3P 8NS
Miss,Annie,19/07/1988,3216,Franecki Turnpike,Amaliahaven,Washington,F3 6NL
Mrs,Thad,14/06/1993,66462,Austyn Trafficway,Lake Valentin,New Jersey,RT49 2QA
Miss,Coleman,12/05/1960,934,Whitney Burgs,Emmanuelhaven,Alaska,TD6B 6JJ
Ms,Jensen,27/04/1970,1230,Guiseppe Courts,South Candacebury,Arkansas,U0P 6AL
Mr,Darien,29/06/1958,3497,Wilkinson Junctions,Kihnview,Hawaii,Z2E 3WL
Mrs,Eulalia,04/10/1998,376,Krajcik Wall,South Ottis,Idaho,KG2 5AJ
